{
    "format_version": "1.16.100",
    "minecraft:item": {
        "description": {
            "identifier": "add:exit",
            "category": "equipment"
        },
        "components": {
            "minecraft:creative_category": {
                "parent": "itemGroup.name.equipment"
            },
            "minecraft:can_destroy_in_creative": false,
            "minecraft:max_stack_size": 1,
            "minecraft:use_animation": "eat",
            "minecraft:on_use": {
                "on_use": {
                    "event": "click",
                    "target": "self"
                }
            },
            "minecraft:icon": {
                "texture": "exit"
            }
        },
        "events": {
            "click": {
                "run_command": {
                    "command": ["function exit"],
                    "target": "self"
                }
            }
        }
    }
}