{
    "format_version": "1.12.0",
    "minecraft:geometry": [{
        "description": {
            "identifier": "geometry.picture_credits",
            "texture_width": 16,
            "texture_height": 16,
            "visible_bounds_width": 7,
            "visible_bounds_height": 5.5,
            "visible_bounds_offset": [0, 2.25, 0]
        },
        "bones": [{
            "name": "picture",
            "pivot": [0, 0, 0],
            "cubes": [{
                "origin": [-40, 0, 7],
                "size": [80, 64, 1],
                "uv": {
                    "north": {
                        "uv": [0, 0],
                        "uv_size": [16, 16]
                    },
                    "east": {
                        "uv": [0, 0],
                        "uv_size": [0, 16]
                    },
                    "south": {
                        "uv": [0, 0],
                        "uv_size": [15.92, 0.144]
                    },
                    "west": {
                        "uv": [0, 0],
                        "uv_size": [0, 16]
                    },
                    "up": {
                        "uv": [16, 0],
                        "uv_size": [-16, 0]
                    },
                    "down": {
                        "uv": [16, 0],
                        "uv_size": [-16, 0]
                    }
                }
            }]
        }]
    }]
}