{
  "format_version": "1.8.0",
  "minecraft:entity": {
	"description": {
      "identifier": "raigen:place_chainmail_leggings",
      "is_spawnable": false,
      "is_summonable": true,
      "is_experimental": false
    },
	
	"component_groups": {
	  "minecraft:despawn": {
		"minecraft:scale": {
		  "value": 0.000000000000001
		}
	  }
	},
	
	
    "components": {
	  "minecraft:damage_sensor": [
	    {
		  "on_damage": {
		    "filters": {
			  "all_of": [
			    {"test": "has_damage", "value": "fatal"}
			  ]
			},
			"event": "minecraft:event_despawn"
		  }
		}
	  ],
      "minecraft:type_family": {
        "family": [ "inanimate" ]
      },
      "minecraft:push_through": {
        "value": 1
      },
      "minecraft:collision_box": {
        "width": 0.1,
        "height": 0.1
      },
      "minecraft:knockback_resistance": {
        "value": 1.0
      },
	  "minecraft:loot": {
	    "table": "loot_tables/place_me/c_folder/chainmail_leggings.json"
	  },
      "minecraft:health": {
        "value": 1
	  },
      "minecraft:fall_damage": {
        "value": 0.0
      },
	  "minecraft:physics": {}, "minecraft:pushable": { "is_pushable": true, "is_pushable_by_piston": true
	  }
    },
	
	"events": {
	  "minecraft:event_despawn": {
	    "add": {
		  "component_groups": [
		    "minecraft:despawn"
		  ]
		}
	  }
	}
  }
}