{
  "format_version": "1.8.0",
  "minecraft:entity": {
	"description": {
      "identifier": "raigen:place_spawn_egg",
      "is_spawnable": false,
      "is_summonable": true,
      "is_experimental": false
    },
	
	"component_groups": {
	  "minecraft:spawn_egg_zombie": {
	    "minecraft:variant": { "value": 0 },
		"minecraft:loot": { "table": "loot_tables/place_me/s_folder/spawn_egg_zombie.json" }
	  },
	  "minecraft:spawn_egg_creeper": {
	    "minecraft:variant": { "value": 1 },
		"minecraft:loot": { "table": "loot_tables/place_me/s_folder/spawn_egg_creeper.json" }
	  },
	  "minecraft:spawn_egg_skeleton": {
	    "minecraft:variant": { "value": 2 },
		"minecraft:loot": { "table": "loot_tables/place_me/s_folder/spawn_egg_skeleton.json" }
	  },
	  "minecraft:spawn_egg_spider": {
	    "minecraft:variant": { "value": 3 },
		"minecraft:loot": { "table": "loot_tables/place_me/s_folder/spawn_egg_spider.json" }
	  },
	  "minecraft:spawn_egg_zombie_pigman": {
	    "minecraft:variant": { "value": 4 },
		"minecraft:loot": { "table": "loot_tables/place_me/s_folder/spawn_egg_zombie_pigman.json" }
	  },
	  "minecraft:spawn_egg_slime": {
	    "minecraft:variant": { "value": 5 },
		"minecraft:loot": { "table": "loot_tables/place_me/s_folder/spawn_egg_slime.json" }
	  },
	  "minecraft:spawn_egg_enderman": {
	    "minecraft:variant": { "value": 6 },
		"minecraft:loot": { "table": "loot_tables/place_me/s_folder/spawn_egg_enderman.json" }
	  },
	  "minecraft:spawn_egg_silverfish": {
	    "minecraft:variant": { "value": 7 },
		"minecraft:loot": { "table": "loot_tables/place_me/s_folder/spawn_egg_silverfish.json" }
	  },
	  "minecraft:spawn_egg_cave_spider": {
	    "minecraft:variant": { "value": 8 },
		"minecraft:loot": { "table": "loot_tables/place_me/s_folder/spawn_egg_cave_spider.json" }
	  },
	  "minecraft:spawn_egg_ghast": {
	    "minecraft:variant": { "value": 9 },
		"minecraft:loot": { "table": "loot_tables/place_me/s_folder/spawn_egg_ghast.json" }
	  },
	  "minecraft:spawn_egg_magma_cube": {
	    "minecraft:variant": { "value": 10 },
		"minecraft:loot": { "table": "loot_tables/place_me/s_folder/spawn_egg_magma_cube.json" }
	  },
	  "minecraft:spawn_egg_blaze": {
	    "minecraft:variant": { "value": 11 },
		"minecraft:loot": { "table": "loot_tables/place_me/s_folder/spawn_egg_blaze.json" }
	  },
	  "minecraft:spawn_egg_witch": {
	    "minecraft:variant": { "value": 12 },
		"minecraft:loot": { "table": "loot_tables/place_me/s_folder/spawn_egg_witch.json" }
	  },
	  "minecraft:spawn_egg_stray": {
	    "minecraft:variant": { "value": 13 },
		"minecraft:loot": { "table": "loot_tables/place_me/s_folder/spawn_egg_stray.json" }
	  },
	  "minecraft:spawn_egg_husk": {
	    "minecraft:variant": { "value": 14 },
		"minecraft:loot": { "table": "loot_tables/place_me/s_folder/spawn_egg_husk.json" }
	  },
	  "minecraft:spawn_egg_wither_skeleton": {
	    "minecraft:variant": { "value": 15 },
		"minecraft:loot": { "table": "loot_tables/place_me/s_folder/spawn_egg_wither_skeleton.json" }
	  },
	  "minecraft:spawn_egg_guardian": {
	    "minecraft:variant": { "value": 16 },
		"minecraft:loot": { "table": "loot_tables/place_me/s_folder/spawn_egg_guardian.json" }
	  },
	  "minecraft:spawn_egg_elder_guardian": {
	    "minecraft:variant": { "value": 17 },
		"minecraft:loot": { "table": "loot_tables/place_me/s_folder/spawn_egg_elder_guardian.json" }
	  },
	  "minecraft:spawn_egg_shulker": {
	    "minecraft:variant": { "value": 18 },
		"minecraft:loot": { "table": "loot_tables/place_me/s_folder/spawn_egg_shulker.json" }
	  },
	  "minecraft:spawn_egg_endermite": {
	    "minecraft:variant": { "value": 19 },
		"minecraft:loot": { "table": "loot_tables/place_me/s_folder/spawn_egg_endermite.json" }
	  },
	  "minecraft:spawn_egg_vindicator": {
	    "minecraft:variant": { "value": 20 },
		"minecraft:loot": { "table": "loot_tables/place_me/s_folder/spawn_egg_vindicator.json" }
	  },
	  "minecraft:spawn_egg_phantom": {
	    "minecraft:variant": { "value": 21 },
		"minecraft:loot": { "table": "loot_tables/place_me/s_folder/spawn_egg_phantom.json" }
	  },
	  "minecraft:spawn_egg_ravager": {
	    "minecraft:variant": { "value": 22 },
		"minecraft:loot": { "table": "loot_tables/place_me/s_folder/spawn_egg_ravager.json" }
	  },
	  "minecraft:spawn_egg_evocation_illager": {
	    "minecraft:variant": { "value": 23 },
		"minecraft:loot": { "table": "loot_tables/place_me/s_folder/spawn_egg_evocation_illager.json" }
	  },
	  "minecraft:spawn_egg_vex": {
	    "minecraft:variant": { "value": 24 },
		"minecraft:loot": { "table": "loot_tables/place_me/s_folder/spawn_egg_vex.json" }
	  },
	  "minecraft:spawn_egg_drowned": {
	    "minecraft:variant": { "value": 25 },
		"minecraft:loot": { "table": "loot_tables/place_me/s_folder/spawn_egg_drowned.json" }
	  },
	  "minecraft:spawn_egg_pillager": {
	    "minecraft:variant": { "value": 26 },
		"minecraft:loot": { "table": "loot_tables/place_me/s_folder/spawn_egg_pillager.json" }
	  },
	  "minecraft:spawn_egg_zombie_villager": {
	    "minecraft:variant": { "value": 27 },
		"minecraft:loot": { "table": "loot_tables/place_me/s_folder/spawn_egg_zombie_villager.json" }
	  },
	  
	  "minecraft:spawn_egg_chicken": {
	    "minecraft:variant": { "value": 28 },
		"minecraft:loot": { "table": "loot_tables/place_me/s_folder/spawn_egg_chicken.json" }
	  },
	  "minecraft:spawn_egg_cow": {
	    "minecraft:variant": { "value": 29 },
		"minecraft:loot": { "table": "loot_tables/place_me/s_folder/spawn_egg_cow.json" }
	  },
	  "minecraft:spawn_egg_pig": {
	    "minecraft:variant": { "value": 30 },
		"minecraft:loot": { "table": "loot_tables/place_me/s_folder/spawn_egg_pig.json" }
	  },
	  "minecraft:spawn_egg_sheep": {
	    "minecraft:variant": { "value": 31 },
		"minecraft:loot": { "table": "loot_tables/place_me/s_folder/spawn_egg_sheep.json" }
	  },
	  "minecraft:spawn_egg_wolf": {
	    "minecraft:variant": { "value": 32 },
		"minecraft:loot": { "table": "loot_tables/place_me/s_folder/spawn_egg_wolf.json" }
	  },
	  "minecraft:spawn_egg_villager": {
	    "minecraft:variant": { "value": 33 },
		"minecraft:loot": { "table": "loot_tables/place_me/s_folder/spawn_egg_villager.json" }
	  },
	  "minecraft:spawn_egg_mooshroom": {
	    "minecraft:variant": { "value": 34 },
		"minecraft:loot": { "table": "loot_tables/place_me/s_folder/spawn_egg_mooshroom.json" }
	  },
	  "minecraft:spawn_egg_squid": {
	    "minecraft:variant": { "value": 35 },
		"minecraft:loot": { "table": "loot_tables/place_me/s_folder/spawn_egg_squid.json" }
	  },
	  "minecraft:spawn_egg_rabbit": {
	    "minecraft:variant": { "value": 36 },
		"minecraft:loot": { "table": "loot_tables/place_me/s_folder/spawn_egg_rabbit.json" }
	  },
	  "minecraft:spawn_egg_bat": {
	    "minecraft:variant": { "value": 37 },
		"minecraft:loot": { "table": "loot_tables/place_me/s_folder/spawn_egg_bat.json" }
	  },
	  "minecraft:spawn_egg_ocelot": {
	    "minecraft:variant": { "value": 38 },
		"minecraft:loot": { "table": "loot_tables/place_me/s_folder/spawn_egg_ocelot.json" }
	  },
	  "minecraft:spawn_egg_horse": {
	    "minecraft:variant": { "value": 39 },
		"minecraft:loot": { "table": "loot_tables/place_me/s_folder/spawn_egg_horse.json" }
	  },
	  "minecraft:spawn_egg_donkey": {
	    "minecraft:variant": { "value": 40 },
		"minecraft:loot": { "table": "loot_tables/place_me/s_folder/spawn_egg_donkey.json" }
	  },
	  "minecraft:spawn_egg_mule": {
	    "minecraft:variant": { "value": 41 },
		"minecraft:loot": { "table": "loot_tables/place_me/s_folder/spawn_egg_mule.json" }
	  },
	  "minecraft:spawn_egg_skeleton_horse": {
	    "minecraft:variant": { "value": 42 },
		"minecraft:loot": { "table": "loot_tables/place_me/s_folder/spawn_egg_skeleton_horse.json" }
	  },
	  "minecraft:spawn_egg_zombie_horse": {
	    "minecraft:variant": { "value": 43 },
		"minecraft:loot": { "table": "loot_tables/place_me/s_folder/spawn_egg_zombie_horse.json" }
	  },
	  "minecraft:spawn_egg_polar_bear": {
	    "minecraft:variant": { "value": 44 },
		"minecraft:loot": { "table": "loot_tables/place_me/s_folder/spawn_egg_polar_bear.json" }
	  },
	  "minecraft:spawn_egg_llama": {
	    "minecraft:variant": { "value": 45 },
		"minecraft:loot": { "table": "loot_tables/place_me/s_folder/spawn_egg_llama.json" }
	  },
	  "minecraft:spawn_egg_parrot": {
	    "minecraft:variant": { "value": 46 },
		"minecraft:loot": { "table": "loot_tables/place_me/s_folder/spawn_egg_parrot.json" }
	  },
	  "minecraft:spawn_egg_dolphin": {
	    "minecraft:variant": { "value": 47 },
		"minecraft:loot": { "table": "loot_tables/place_me/s_folder/spawn_egg_dolphin.json" }
	  },
	  "minecraft:spawn_egg_turtle": {
	    "minecraft:variant": { "value": 48 },
		"minecraft:loot": { "table": "loot_tables/place_me/s_folder/spawn_egg_turtle.json" }
	  },
	  "minecraft:spawn_egg_cat": {
	    "minecraft:variant": { "value": 49 },
		"minecraft:loot": { "table": "loot_tables/place_me/s_folder/spawn_egg_cat.json" }
	  },
	  "minecraft:spawn_egg_pufferfish": {
	    "minecraft:variant": { "value": 50 },
		"minecraft:loot": { "table": "loot_tables/place_me/s_folder/spawn_egg_pufferfish.json" }
	  },
	  "minecraft:spawn_egg_salmon": {
	    "minecraft:variant": { "value": 51 },
		"minecraft:loot": { "table": "loot_tables/place_me/s_folder/spawn_egg_salmon.json" }
	  },
	  "minecraft:spawn_egg_tropical_fish": {
	    "minecraft:variant": { "value": 52 },
		"minecraft:loot": { "table": "loot_tables/place_me/s_folder/spawn_egg_tropical_fish.json" }
	  },
	  "minecraft:spawn_egg_cod": {
	    "minecraft:variant": { "value": 53 },
		"minecraft:loot": { "table": "loot_tables/place_me/s_folder/spawn_egg_cod.json" }
	  },
	  "minecraft:spawn_egg_panda": {
	    "minecraft:variant": { "value": 54 },
		"minecraft:loot": { "table": "loot_tables/place_me/s_folder/spawn_egg_panda.json" }
	  },
	  "minecraft:spawn_egg_wandering_trader": {
	    "minecraft:variant": { "value": 55 },
		"minecraft:loot": { "table": "loot_tables/place_me/s_folder/spawn_egg_wandering_trader.json" }
	  },
	  "minecraft:spawn_egg_fox": {
	    "minecraft:variant": { "value": 56 },
		"minecraft:loot": { "table": "loot_tables/place_me/s_folder/spawn_egg_fox.json" }
	  },
	  "minecraft:spawn_egg_bee": {
	    "minecraft:variant": { "value": 57 },
		"minecraft:loot": { "table": "loot_tables/place_me/s_folder/spawn_egg_bee.json" }
	  },
	  
	  "minecraft:despawn": {
		"minecraft:scale": {
		  "value": 0.000000000000001
		}
	  }
	},
	
	
    "components": {
	  "minecraft:damage_sensor": [
	    {
		  "on_damage": {
		    "filters": {
			  "all_of": [
			    {"test": "has_damage", "value": "fatal"}
			  ]
			},
			"event": "minecraft:event_despawn"
		  }
		}
	  ],
      "minecraft:type_family": {
        "family": [ "inanimate" ]
      },
      "minecraft:push_through": {
        "value": 1
      },
      "minecraft:collision_box": {
        "width": 0.5,
        "height": 0.5
      },
      "minecraft:knockback_resistance": {
        "value": 1.0
      },
      "minecraft:is_stackable": {},
      "minecraft:health": {
        "value": 1
	  },
      "minecraft:fall_damage": {
        "value": 0.0
      },
      "minecraft:behavior.float": {
        "priority": 0
      },
	  "minecraft:physics": {}, "minecraft:pushable": { "is_pushable": true, "is_pushable_by_piston": true
	  }
    },
	
	"events": {
	  "minecraft:event_despawn": {
	    "add": {
		  "component_groups": [
		    "minecraft:despawn"
		  ]
		}
	  },
	  
	  "minecraft:zombie": { "add": { "component_groups": [ "minecraft:spawn_egg_zombie" ] } },
	  "minecraft:creeper": { "add": { "component_groups": [ "minecraft:spawn_egg_creeper" ] } },
	  "minecraft:skeleton": { "add": { "component_groups": [ "minecraft:spawn_egg_skeleton" ] } },
	  "minecraft:spider": { "add": { "component_groups": [ "minecraft:spawn_egg_spider" ] } },
	  "minecraft:zombie_pigman": { "add": { "component_groups": [ "minecraft:spawn_egg_zombie_pigman" ] } },
	  "minecraft:slime": { "add": { "component_groups": [ "minecraft:spawn_egg_slime" ] } },
	  "minecraft:enderman": { "add": { "component_groups": [ "minecraft:spawn_egg_enderman" ] } },
	  "minecraft:silverfish": { "add": { "component_groups": [ "minecraft:spawn_egg_silverfish" ] } },
	  "minecraft:cave_spider": { "add": { "component_groups": [ "minecraft:spawn_egg_cave_spider" ] } },
	  "minecraft:ghast": { "add": { "component_groups": [ "minecraft:spawn_egg_ghast" ] } },
	  "minecraft:magma_cube": { "add": { "component_groups": [ "minecraft:spawn_egg_magma_cube" ] } },
	  "minecraft:blaze": { "add": { "component_groups": [ "minecraft:spawn_egg_blaze" ] } },
	  "minecraft:witch": { "add": { "component_groups": [ "minecraft:spawn_egg_witch" ] } },
	  "minecraft:stray": { "add": { "component_groups": [ "minecraft:spawn_egg_stray" ] } },
	  "minecraft:husk": { "add": { "component_groups": [ "minecraft:spawn_egg_husk" ] } },
	  "minecraft:wither_skeleton": { "add": { "component_groups": [ "minecraft:spawn_egg_wither_skeleton" ] } },
	  "minecraft:guardian": { "add": { "component_groups": [ "minecraft:spawn_egg_guardian" ] } },
	  "minecraft:elder_guardian": { "add": { "component_groups": [ "minecraft:spawn_egg_elder_guardian" ] } },
	  "minecraft:shulker": { "add": { "component_groups": [ "minecraft:spawn_egg_shulker" ] } },
	  "minecraft:endermite": { "add": { "component_groups": [ "minecraft:spawn_egg_endermite" ] } },
	  "minecraft:vindicator": { "add": { "component_groups": [ "minecraft:spawn_egg_vindicator" ] } },
	  "minecraft:phantom": { "add": { "component_groups": [ "minecraft:spawn_egg_phantom" ] } },
	  "minecraft:ravager": { "add": { "component_groups": [ "minecraft:spawn_egg_ravager" ] } },
	  "minecraft:evocation_illager": { "add": { "component_groups": [ "minecraft:spawn_egg_evocation_illager" ] } },
	  "minecraft:vex": { "add": { "component_groups": [ "minecraft:spawn_egg_vex" ] } },
	  "minecraft:drowned": { "add": { "component_groups": [ "minecraft:spawn_egg_drowned" ] } },
	  "minecraft:pillager": { "add": { "component_groups": [ "minecraft:spawn_egg_pillager" ] } },
	  "minecraft:zombie_villager": { "add": { "component_groups": [ "minecraft:spawn_egg_zombie_villager" ] } },
	  "minecraft:chicken": { "add": { "component_groups": [ "minecraft:spawn_egg_chicken" ] } },
	  "minecraft:cow": { "add": { "component_groups": [ "minecraft:spawn_egg_cow" ] } },
	  "minecraft:pig": { "add": { "component_groups": [ "minecraft:spawn_egg_pig" ] } },
	  "minecraft:sheep": { "add": { "component_groups": [ "minecraft:spawn_egg_sheep" ] } },
	  "minecraft:wolf": { "add": { "component_groups": [ "minecraft:spawn_egg_wolf" ] } },
	  "minecraft:villager": { "add": { "component_groups": [ "minecraft:spawn_egg_villager" ] } },
	  "minecraft:mooshroom": { "add": { "component_groups": [ "minecraft:spawn_egg_mooshroom" ] } },
	  "minecraft:squid": { "add": { "component_groups": [ "minecraft:spawn_egg_squid" ] } },
	  "minecraft:rabbit": { "add": { "component_groups": [ "minecraft:spawn_egg_rabbit" ] } },
	  "minecraft:bat": { "add": { "component_groups": [ "minecraft:spawn_egg_bat" ] } },
	  "minecraft:ocelot": { "add": { "component_groups": [ "minecraft:spawn_egg_ocelot" ] } },
	  "minecraft:horse": { "add": { "component_groups": [ "minecraft:spawn_egg_horse" ] } },
	  "minecraft:donkey": { "add": { "component_groups": [ "minecraft:spawn_egg_donkey" ] } },
	  "minecraft:mule": { "add": { "component_groups": [ "minecraft:spawn_egg_mule" ] } },
	  "minecraft:skeleton_horse": { "add": { "component_groups": [ "minecraft:spawn_egg_skeleton_horse" ] } },
	  "minecraft:zombie_horse": { "add": { "component_groups": [ "minecraft:spawn_egg_zombie_horse" ] } },
	  "minecraft:polar_bear": { "add": { "component_groups": [ "minecraft:spawn_egg_polar_bear" ] } },
	  "minecraft:llama": { "add": { "component_groups": [ "minecraft:spawn_egg_llama" ] } },
	  "minecraft:parrot": { "add": { "component_groups": [ "minecraft:spawn_egg_parrot" ] } },
	  "minecraft:dolphin": { "add": { "component_groups": [ "minecraft:spawn_egg_dolphin" ] } },
	  "minecraft:turtle": { "add": { "component_groups": [ "minecraft:spawn_egg_turtle" ] } },
	  "minecraft:cat": { "add": { "component_groups": [ "minecraft:spawn_egg_cat" ] } },
	  "minecraft:pufferfish": { "add": { "component_groups": [ "minecraft:spawn_egg_pufferfish" ] } },
	  "minecraft:salmon": { "add": { "component_groups": [ "minecraft:spawn_egg_salmon" ] } },
	  "minecraft:tropical_fish": { "add": { "component_groups": [ "minecraft:spawn_egg_tropical_fish" ] } },
	  "minecraft:cod": { "add": { "component_groups": [ "minecraft:spawn_egg_cod" ] } },
	  "minecraft:panda": { "add": { "component_groups": [ "minecraft:spawn_egg_panda" ] } },
	  "minecraft:wandering_trader": { "add": { "component_groups": [ "minecraft:spawn_egg_wandering_trader" ] } },
	  "minecraft:fox": { "add": { "component_groups": [ "minecraft:spawn_egg_fox" ] } },
	  "minecraft:bee": { "add": { "component_groups": [ "minecraft:spawn_egg_bee" ] } }
	}
  }
}