{
  "format_version": "1.8.0",
  "minecraft:entity": {
	"description": {
      "identifier": "raigen:place_lingering_potion",
      "is_spawnable": false,
      "is_summonable": true,
      "is_experimental": false
    },
	
	"component_groups": {
	  "minecraft:despawn": {
		"minecraft:scale": {
		  "value": 0.000000000000001
		}
	  },
	  "minecraft:lingering_water": {
	    "minecraft:variant": {
		  "value": 0
		},
		"minecraft:loot": {
		  "table": "loot_tables/place_me/l_folder/lingering_water.json"
		}
	  },
	  "minecraft:lingering_mundane_1": {
	    "minecraft:variant": {
		  "value": 0
		},
		"minecraft:loot": {
		  "table": "loot_tables/place_me/l_folder/lingering_mundane_1.json"
		}
	  },
	  "minecraft:lingering_mundane_2": {
	    "minecraft:variant": {
		  "value": 0
		},
		"minecraft:loot": {
		  "table": "loot_tables/place_me/l_folder/lingering_mundane_2.json"
		}
	  },
	  "minecraft:lingering_thick": {
	    "minecraft:variant": {
		  "value": 0
		},
		"minecraft:loot": {
		  "table": "loot_tables/place_me/l_folder/lingering_thick.json"
		}
	  },
	  "minecraft:lingering_awkward": {
	    "minecraft:variant": {
		  "value": 0
		},
		"minecraft:loot": {
		  "table": "loot_tables/place_me/l_folder/lingering_awkward.json"
		}
	  },
	  "minecraft:lingering_night_vision_1": {
	    "minecraft:variant": {
		  "value": 1
		},
		"minecraft:loot": {
		  "table": "loot_tables/place_me/l_folder/lingering_night_vision_1.json"
		}
	  },
	  "minecraft:lingering_night_vision_2": {
	    "minecraft:variant": {
		  "value": 1
		},
		"minecraft:loot": {
		  "table": "loot_tables/place_me/l_folder/lingering_night_vision_2.json"
		}
	  },
	  "minecraft:lingering_invisibility_1": {
	    "minecraft:variant": {
		  "value": 2
		},
		"minecraft:loot": {
		  "table": "loot_tables/place_me/l_folder/lingering_invisibility_1.json"
		}
	  },
	  "minecraft:lingering_invisibility_2": {
	    "minecraft:variant": {
		  "value": 2
		},
		"minecraft:loot": {
		  "table": "loot_tables/place_me/l_folder/lingering_invisibility_2.json"
		}
	  },
	  "minecraft:lingering_leaping_1": {
	    "minecraft:variant": {
		  "value": 3
		},
		"minecraft:loot": {
		  "table": "loot_tables/place_me/l_folder/lingering_leaping_1.json"
		}
	  },
	  "minecraft:lingering_leaping_2": {
	    "minecraft:variant": {
		  "value": 3
		},
		"minecraft:loot": {
		  "table": "loot_tables/place_me/l_folder/lingering_leaping_2.json"
		}
	  },
	  "minecraft:lingering_leaping_3": {
	    "minecraft:variant": {
		  "value": 3
		},
		"minecraft:loot": {
		  "table": "loot_tables/place_me/l_folder/lingering_leaping_3.json"
		}
	  },
	  "minecraft:lingering_fire_resistance_1": {
	    "minecraft:variant": {
		  "value": 4
		},
		"minecraft:loot": {
		  "table": "loot_tables/place_me/l_folder/lingering_fire_resistance_1.json"
		}
	  },
	  "minecraft:lingering_fire_resistance_2": {
	    "minecraft:variant": {
		  "value": 4
		},
		"minecraft:loot": {
		  "table": "loot_tables/place_me/l_folder/lingering_fire_resistance_2.json"
		}
	  },
	  "minecraft:lingering_swiftness_1": {
	    "minecraft:variant": {
		  "value": 5
		},
		"minecraft:loot": {
		  "table": "loot_tables/place_me/l_folder/lingering_swiftness_1.json"
		}
	  },
	  "minecraft:lingering_swiftness_2": {
	    "minecraft:variant": {
		  "value": 5
		},
		"minecraft:loot": {
		  "table": "loot_tables/place_me/l_folder/lingering_swiftness_2.json"
		}
	  },
	  "minecraft:lingering_swiftness_3": {
	    "minecraft:variant": {
		  "value": 5
		},
		"minecraft:loot": {
		  "table": "loot_tables/place_me/l_folder/lingering_swiftness_3.json"
		}
	  },
	  "minecraft:lingering_slowness_1": {
	    "minecraft:variant": {
		  "value": 6
		},
		"minecraft:loot": {
		  "table": "loot_tables/place_me/l_folder/lingering_slowness_1.json"
		}
	  },
	  "minecraft:lingering_slowness_2": {
	    "minecraft:variant": {
		  "value": 6
		},
		"minecraft:loot": {
		  "table": "loot_tables/place_me/l_folder/lingering_slowness_2.json"
		}
	  },
	  "minecraft:lingering_water_breathing_1": {
	    "minecraft:variant": {
		  "value": 7
		},
		"minecraft:loot": {
		  "table": "loot_tables/place_me/l_folder/lingering_water_breathing_1.json"
		}
	  },
	  "minecraft:lingering_water_breathing_2": {
	    "minecraft:variant": {
		  "value": 7
		},
		"minecraft:loot": {
		  "table": "loot_tables/place_me/l_folder/lingering_water_breathing_2.json"
		}
	  },
	  "minecraft:lingering_healing_1": {
	    "minecraft:variant": {
		  "value": 8
		},
		"minecraft:loot": {
		  "table": "loot_tables/place_me/l_folder/lingering_healing_1.json"
		}
	  },
	  "minecraft:lingering_healing_2": {
	    "minecraft:variant": {
		  "value": 8
		},
		"minecraft:loot": {
		  "table": "loot_tables/place_me/l_folder/lingering_healing_2.json"
		}
	  },
	  "minecraft:lingering_harming_1": {
	    "minecraft:variant": {
		  "value": 9
		},
		"minecraft:loot": {
		  "table": "loot_tables/place_me/l_folder/lingering_harming_1.json"
		}
	  },
	  "minecraft:lingering_harming_2": {
	    "minecraft:variant": {
		  "value": 9
		},
		"minecraft:loot": {
		  "table": "loot_tables/place_me/l_folder/lingering_harming_2.json"
		}
	  },
	  "minecraft:lingering_poison_1": {
	    "minecraft:variant": {
		  "value": 10
		},
		"minecraft:loot": {
		  "table": "loot_tables/place_me/l_folder/lingering_poison_1.json"
		}
	  },
	  "minecraft:lingering_poison_2": {
	    "minecraft:variant": {
		  "value": 10
		},
		"minecraft:loot": {
		  "table": "loot_tables/place_me/l_folder/lingering_poison_2.json"
		}
	  },
	  "minecraft:lingering_poison_3": {
	    "minecraft:variant": {
		  "value": 10
		},
		"minecraft:loot": {
		  "table": "loot_tables/place_me/l_folder/lingering_poison_3.json"
		}
	  },
	  "minecraft:lingering_regeneration_1": {
	    "minecraft:variant": {
		  "value": 11
		},
		"minecraft:loot": {
		  "table": "loot_tables/place_me/l_folder/lingering_regeneration_1.json"
		}
	  },
	  "minecraft:lingering_regeneration_2": {
	    "minecraft:variant": {
		  "value": 11
		},
		"minecraft:loot": {
		  "table": "loot_tables/place_me/l_folder/lingering_regeneration_2.json"
		}
	  },
	  "minecraft:lingering_regeneration_3": {
	    "minecraft:variant": {
		  "value": 11
		},
		"minecraft:loot": {
		  "table": "loot_tables/place_me/l_folder/lingering_regeneration_3.json"
		}
	  },
	  "minecraft:lingering_strength_1": {
	    "minecraft:variant": {
		  "value": 12
		},
		"minecraft:loot": {
		  "table": "loot_tables/place_me/l_folder/lingering_strength_1.json"
		}
	  },
	  "minecraft:lingering_strength_2": {
	    "minecraft:variant": {
		  "value": 12
		},
		"minecraft:loot": {
		  "table": "loot_tables/place_me/l_folder/lingering_strength_2.json"
		}
	  },
	  "minecraft:lingering_strength_3": {
	    "minecraft:variant": {
		  "value": 12
		},
		"minecraft:loot": {
		  "table": "loot_tables/place_me/l_folder/lingering_strength_3.json"
		}
	  },
	  "minecraft:lingering_weakness_1": {
	    "minecraft:variant": {
		  "value": 13
		},
		"minecraft:loot": {
		  "table": "loot_tables/place_me/l_folder/lingering_weakness_1.json"
		}
	  },
	  "minecraft:lingering_weakness_2": {
	    "minecraft:variant": {
		  "value": 13
		},
		"minecraft:loot": {
		  "table": "loot_tables/place_me/l_folder/lingering_weakness_2.json"
		}
	  },
	  "minecraft:lingering_decay": {
	    "minecraft:variant": {
		  "value": 14
		},
		"minecraft:loot": {
		  "table": "loot_tables/place_me/l_folder/lingering_decay.json"
		}
	  },
	  "minecraft:lingering_turtle_master_1": {
	    "minecraft:variant": {
		  "value": 15
		},
		"minecraft:loot": {
		  "table": "loot_tables/place_me/l_folder/lingering_turtle_master_1.json"
		}
	  },
	  "minecraft:lingering_turtle_master_2": {
	    "minecraft:variant": {
		  "value": 15
		},
		"minecraft:loot": {
		  "table": "loot_tables/place_me/l_folder/lingering_turtle_master_2.json"
		}
	  },
	  "minecraft:lingering_turtle_master_3": {
	    "minecraft:variant": {
		  "value": 15
		},
		"minecraft:loot": {
		  "table": "loot_tables/place_me/l_folder/lingering_turtle_master_3.json"
		}
	  },
	  "minecraft:lingering_slow_falling_1": {
	    "minecraft:variant": {
		  "value": 16
		},
		"minecraft:loot": {
		  "table": "loot_tables/place_me/l_folder/lingering_slow_falling_1.json"
		}
	  },
	  "minecraft:lingering_slow_falling_2": {
	    "minecraft:variant": {
		  "value": 16
		},
		"minecraft:loot": {
		  "table": "loot_tables/place_me/l_folder/lingering_slow_falling_2.json"
		}
	  }
	},
	
    "components": {
	  "minecraft:damage_sensor": [
	    {
		  "on_damage": {
		    "filters": {
			  "all_of": [
			    {"test": "has_damage", "value": "fatal"}
			  ]
			},
			"event": "minecraft:event_despawn"
		  }
		}
	  ],
      "minecraft:type_family": {
        "family": [ "inanimate" ]
      },
      "minecraft:push_through": {
        "value": 1
      },
      "minecraft:collision_box": {
        "width": 0.1,
        "height": 0.1
      },
      "minecraft:knockback_resistance": {
        "value": 1.0
      },
      "minecraft:health": {
        "value": 1
	  },
      "minecraft:fall_damage": {
        "value": 0.0
      },
      "minecraft:behavior.float": {
        "priority": 0
      },
	  "minecraft:physics": {}, "minecraft:pushable": { "is_pushable": true, "is_pushable_by_piston": true
	  }
    },
	
	"events": {
	  "minecraft:event_despawn": {
	    "add": {
		  "component_groups": [
		    "minecraft:despawn"
		  ]
		}
	  },
	  "minecraft:entity_transformed": {
	    "sequence": [
	      {
		    "filters": { "test": "is_family", "subject": "other", "value": "water" },
		    "add": { "component_groups": [ "minecraft:lingering_water" ] }
		  },
	      {
		    "filters": { "test": "is_family", "subject": "other", "value": "mundane_1" },
		    "add": { "component_groups": [ "minecraft:lingering_mundane_1" ] }
		  },
	      {
		    "filters": { "test": "is_family", "subject": "other", "value": "mundane_2" },
		    "add": { "component_groups": [ "minecraft:lingering_mundane_2" ] }
		  },
	      {
		    "filters": { "test": "is_family", "subject": "other", "value": "thick" },
		    "add": { "component_groups": [ "minecraft:lingering_thick" ] }
		  },
	      {
		    "filters": { "test": "is_family", "subject": "other", "value": "awkward" },
		    "add": { "component_groups": [ "minecraft:lingering_awkward" ] }
		  },
	      {
		    "filters": { "test": "is_family", "subject": "other", "value": "night_vision_1" },
		    "add": { "component_groups": [ "minecraft:lingering_night_vision_1" ] }
		  },
	      {
		    "filters": { "test": "is_family", "subject": "other", "value": "night_vision_2" },
		    "add": { "component_groups": [ "minecraft:lingering_night_vision_2" ] }
		  },
	      {
		    "filters": { "test": "is_family", "subject": "other", "value": "invisibility_1" },
		    "add": { "component_groups": [ "minecraft:lingering_invisibility_1" ] }
		  },
	      {
		    "filters": { "test": "is_family", "subject": "other", "value": "invisibility_2" },
		    "add": { "component_groups": [ "minecraft:lingering_invisibility_2" ] }
		  },
	      {
		    "filters": { "test": "is_family", "subject": "other", "value": "leaping_1" },
		    "add": { "component_groups": [ "minecraft:lingering_leaping_1" ] }
		  },
	      {
		    "filters": { "test": "is_family", "subject": "other", "value": "leaping_2" },
		    "add": { "component_groups": [ "minecraft:lingering_leaping_2" ] }
		  },
	      {
		    "filters": { "test": "is_family", "subject": "other", "value": "leaping_3" },
		    "add": { "component_groups": [ "minecraft:lingering_leaping_3" ] }
		  },
	      {
		    "filters": { "test": "is_family", "subject": "other", "value": "fire_resistance_1" },
		    "add": { "component_groups": [ "minecraft:lingering_fire_resistance_1" ] }
		  },
	      {
		    "filters": { "test": "is_family", "subject": "other", "value": "fire_resistance_2" },
		    "add": { "component_groups": [ "minecraft:lingering_fire_resistance_2" ] }
		  },
	      {
		    "filters": { "test": "is_family", "subject": "other", "value": "swiftness_1" },
		    "add": { "component_groups": [ "minecraft:lingering_swiftness_1" ] }
		  },
	      {
		    "filters": { "test": "is_family", "subject": "other", "value": "swiftness_2" },
		    "add": { "component_groups": [ "minecraft:lingering_swiftness_2" ] }
		  },
	      {
		    "filters": { "test": "is_family", "subject": "other", "value": "swiftness_3" },
		    "add": { "component_groups": [ "minecraft:lingering_swiftness_3" ] }
		  },
	      {
		    "filters": { "test": "is_family", "subject": "other", "value": "slowness_1" },
		    "add": { "component_groups": [ "minecraft:lingering_slowness_1" ] }
		  },
	      {
		    "filters": { "test": "is_family", "subject": "other", "value": "slowness_2" },
		    "add": { "component_groups": [ "minecraft:lingering_slowness_2" ] }
		  },
	      {
		    "filters": { "test": "is_family", "subject": "other", "value": "water_breathing_1" },
		    "add": { "component_groups": [ "minecraft:lingering_water_breathing_1" ] }
		  },
	      {
		    "filters": { "test": "is_family", "subject": "other", "value": "water_breathing_2" },
		    "add": { "component_groups": [ "minecraft:lingering_water_breathing_2" ] }
		  },
	      {
		    "filters": { "test": "is_family", "subject": "other", "value": "healing_1" },
		    "add": { "component_groups": [ "minecraft:lingering_healing_1" ] }
		  },
	      {
		    "filters": { "test": "is_family", "subject": "other", "value": "healing_2" },
		    "add": { "component_groups": [ "minecraft:lingering_healing_2" ] }
		  },
	      {
		    "filters": { "test": "is_family", "subject": "other", "value": "harming_1" },
		    "add": { "component_groups": [ "minecraft:lingering_harming_1" ] }
		  },
	      {
		    "filters": { "test": "is_family", "subject": "other", "value": "harming_2" },
		    "add": { "component_groups": [ "minecraft:lingering_harming_2" ] }
		  },
	      {
		    "filters": { "test": "is_family", "subject": "other", "value": "poison_1" },
		    "add": { "component_groups": [ "minecraft:lingering_poison_1" ] }
		  },
	      {
		    "filters": { "test": "is_family", "subject": "other", "value": "poison_2" },
		    "add": { "component_groups": [ "minecraft:lingering_poison_2" ] }
		  },
	      {
		    "filters": { "test": "is_family", "subject": "other", "value": "poison_3" },
		    "add": { "component_groups": [ "minecraft:lingering_poison_3" ] }
		  },
	      {
		    "filters": { "test": "is_family", "subject": "other", "value": "regeneration_1" },
		    "add": { "component_groups": [ "minecraft:lingering_regeneration_1" ] }
		  },
	      {
		    "filters": { "test": "is_family", "subject": "other", "value": "regeneration_2" },
		    "add": { "component_groups": [ "minecraft:lingering_regeneration_2" ] }
		  },
	      {
		    "filters": { "test": "is_family", "subject": "other", "value": "regeneration_3" },
		    "add": { "component_groups": [ "minecraft:lingering_regeneration_3" ] }
		  },
	      {
		    "filters": { "test": "is_family", "subject": "other", "value": "strength_1" },
		    "add": { "component_groups": [ "minecraft:lingering_strength_1" ] }
		  },
	      {
		    "filters": { "test": "is_family", "subject": "other", "value": "strength_2" },
		    "add": { "component_groups": [ "minecraft:lingering_strength_2" ] }
		  },
	      {
		    "filters": { "test": "is_family", "subject": "other", "value": "strength_3" },
		    "add": { "component_groups": [ "minecraft:lingering_strength_3" ] }
		  },
	      {
		    "filters": { "test": "is_family", "subject": "other", "value": "weakness_1" },
		    "add": { "component_groups": [ "minecraft:lingering_weakness_1" ] }
		  },
	      {
		    "filters": { "test": "is_family", "subject": "other", "value": "weakness_2" },
		    "add": { "component_groups": [ "minecraft:lingering_weakness_2" ] }
		  },
	      {
		    "filters": { "test": "is_family", "subject": "other", "value": "decay" },
		    "add": { "component_groups": [ "minecraft:lingering_decay" ] }
		  },
	      {
		    "filters": { "test": "is_family", "subject": "other", "value": "turtle_master_1" },
		    "add": { "component_groups": [ "minecraft:lingering_turtle_master_1" ] }
		  },
	      {
		    "filters": { "test": "is_family", "subject": "other", "value": "turtle_master_2" },
		    "add": { "component_groups": [ "minecraft:lingering_turtle_master_2" ] }
		  },
	      {
		    "filters": { "test": "is_family", "subject": "other", "value": "turtle_master_3" },
		    "add": { "component_groups": [ "minecraft:lingering_turtle_master_3" ] }
		  },
	      {
		    "filters": { "test": "is_family", "subject": "other", "value": "slow_falling_1" },
		    "add": { "component_groups": [ "minecraft:lingering_slow_falling_1" ] }
		  },
	      {
		    "filters": { "test": "is_family", "subject": "other", "value": "slow_falling_2" },
		    "add": { "component_groups": [ "minecraft:lingering_slow_falling_2" ] }
		  }
		]
	  }
	}
  }
}