{
  "format_version": "1.8.0",
  "minecraft:entity": {
	"description": {
      "identifier": "raigen:place_disc",
      "is_spawnable": false,
      "is_summonable": true,
      "is_experimental": false
    },
	
	"component_groups": {
	  "minecraft:despawn": {
		"minecraft:scale": {
		  "value": 0.000000000000001
		}
	  },
	  "minecraft:record_11": {
	    "minecraft:variant": {
		  "value": 0
		},
		"minecraft:loot": {
		  "table": "loot_tables/place_me/r_folder/record_11.json"
		}
	  },
	  "minecraft:record_13": {
	    "minecraft:variant": {
		  "value": 1
		},
		"minecraft:loot": {
		  "table": "loot_tables/place_me/r_folder/record_13.json"
		}
	  },
	  "minecraft:record_blocks": {
	    "minecraft:variant": {
		  "value": 2
		},
		"minecraft:loot": {
		  "table": "loot_tables/place_me/r_folder/record_blocks.json"
		}
	  },
	  "minecraft:record_cat": {
	    "minecraft:variant": {
		  "value": 3
		},
		"minecraft:loot": {
		  "table": "loot_tables/place_me/r_folder/record_cat.json"
		}
	  },
	  "minecraft:record_chirp": {
	    "minecraft:variant": {
		  "value": 4
		},
		"minecraft:loot": {
		  "table": "loot_tables/place_me/r_folder/record_chirp.json"
		}
	  },
	  "minecraft:record_far": {
	    "minecraft:variant": {
		  "value": 5
		},
		"minecraft:loot": {
		  "table": "loot_tables/place_me/r_folder/record_far.json"
		}
	  },
	  "minecraft:record_mall": {
	    "minecraft:variant": {
		  "value": 6
		},
		"minecraft:loot": {
		  "table": "loot_tables/place_me/r_folder/record_mall.json"
		}
	  },
	  "minecraft:record_mellohi": {
	    "minecraft:variant": {
		  "value": 7
		},
		"minecraft:loot": {
		  "table": "loot_tables/place_me/r_folder/record_mellohi.json"
		}
	  },
	  "minecraft:record_stal": {
	    "minecraft:variant": {
		  "value": 8
		},
		"minecraft:loot": {
		  "table": "loot_tables/place_me/r_folder/record_stal.json"
		}
	  },
	  "minecraft:record_strad": {
	    "minecraft:variant": {
		  "value": 9
		},
		"minecraft:loot": {
		  "table": "loot_tables/place_me/r_folder/record_strad.json"
		}
	  },
	  "minecraft:record_wait": {
	    "minecraft:variant": {
		  "value": 10
		},
		"minecraft:loot": {
		  "table": "loot_tables/place_me/r_folder/record_wait.json"
		}
	  },
	  "minecraft:record_ward": {
	    "minecraft:variant": {
		  "value": 11
		},
		"minecraft:loot": {
		  "table": "loot_tables/place_me/r_folder/record_ward.json"
		}
	  }
	},
	
    "components": {
	  "minecraft:damage_sensor": [
	    {
		  "on_damage": {
		    "filters": {
			  "all_of": [
			    {"test": "has_damage", "value": "fatal"}
			  ]
			},
			"event": "minecraft:event_despawn"
		  }
		}
	  ],
      "minecraft:type_family": {
        "family": [ "inanimate" ]
      },
      "minecraft:push_through": {
        "value": 1
      },
      "minecraft:collision_box": {
        "width": 0.4,
        "height": 0.1
      },
      "minecraft:knockback_resistance": {
        "value": 1.0
      },
      "minecraft:health": {
        "value": 1
	  },
      "minecraft:is_stackable": {},
      "minecraft:fall_damage": {
        "value": 0.0
      },
      "minecraft:behavior.float": {
        "priority": 0
      },
	  "minecraft:physics": {}, "minecraft:pushable": { "is_pushable": true, "is_pushable_by_piston": true
	  }
    },
	
	"events": {
	  "minecraft:event_despawn": {
	    "add": {
		  "component_groups": [
		    "minecraft:despawn"
		  ]
		}
	  },
	  "minecraft:entity_transformed": {
	    "sequence": [
	      {
		    "filters": { "test": "is_family", "subject": "other", "value": "record_11" },
		    "add": { "component_groups": [ "minecraft:record_11" ] }
		  },
	      {
		    "filters": { "test": "is_family", "subject": "other", "value": "record_13" },
		    "add": { "component_groups": [ "minecraft:record_13" ] }
		  },
	      {
		    "filters": { "test": "is_family", "subject": "other", "value": "record_blocks" },
		    "add": { "component_groups": [ "minecraft:record_blocks" ] }
		  },
	      {
		    "filters": { "test": "is_family", "subject": "other", "value": "record_cat" },
		    "add": { "component_groups": [ "minecraft:record_cat" ] }
		  },
	      {
		    "filters": { "test": "is_family", "subject": "other", "value": "record_chirp" },
		    "add": { "component_groups": [ "minecraft:record_chirp" ] }
		  },
	      {
		    "filters": { "test": "is_family", "subject": "other", "value": "record_far" },
		    "add": { "component_groups": [ "minecraft:record_far" ] }
		  },
	      {
		    "filters": { "test": "is_family", "subject": "other", "value": "record_mall" },
		    "add": { "component_groups": [ "minecraft:record_mall" ] }
		  },
	      {
		    "filters": { "test": "is_family", "subject": "other", "value": "record_mellohi" },
		    "add": { "component_groups": [ "minecraft:record_mellohi" ] }
		  },
	      {
		    "filters": { "test": "is_family", "subject": "other", "value": "record_stal" },
		    "add": { "component_groups": [ "minecraft:record_stal" ] }
		  },
	      {
		    "filters": { "test": "is_family", "subject": "other", "value": "record_strad" },
		    "add": { "component_groups": [ "minecraft:record_strad" ] }
		  },
	      {
		    "filters": { "test": "is_family", "subject": "other", "value": "record_wait" },
		    "add": { "component_groups": [ "minecraft:record_wait" ] }
		  },
	      {
		    "filters": { "test": "is_family", "subject": "other", "value": "record_ward" },
		    "add": { "component_groups": [ "minecraft:record_ward" ] }
		  }
		]
	  }
	}
  }
}