{
  "format_version": "1.8.0",
  "minecraft:entity": {
	"description": {
      "identifier": "raigen:place_bucket_liquid",
      "is_spawnable": false,
      "is_summonable": true,
      "is_experimental": false
    },
	
	"component_groups": {
	  "minecraft:despawn": {
		"minecraft:scale": {
		  "value": 0.000000000000001
		}
	  },
	  "minecraft:bucket": {
	    "minecraft:variant": {
		  "value": 0
		},
		"minecraft:loot": {
		  "table": "loot_tables/place_me/b_folder/bucket.json"
		}
	  },
	  "minecraft:bucket_milk": {
	    "minecraft:variant": {
		  "value": 1
		},
		"minecraft:loot": {
		  "table": "loot_tables/place_me/b_folder/bucket_milk.json"
		}
	  },
	  "minecraft:bucket_cod": {
	    "minecraft:variant": {
		  "value": 2
		},
		"minecraft:loot": {
		  "table": "loot_tables/place_me/b_folder/bucket_cod.json"
		}
	  },
	  "minecraft:bucket_salmon": {
	    "minecraft:variant": {
		  "value": 3
		},
		"minecraft:loot": {
		  "table": "loot_tables/place_me/b_folder/bucket_salmon.json"
		}
	  },
	  "minecraft:bucket_tropical_fish": {
	    "minecraft:variant": {
		  "value": 4
		},
		"minecraft:loot": {
		  "table": "loot_tables/place_me/b_folder/bucket_tropical_fish.json"
		}
	  },
	  "minecraft:bucket_pufferfish": {
	    "minecraft:variant": {
		  "value": 5
		},
		"minecraft:loot": {
		  "table": "loot_tables/place_me/b_folder/bucket_pufferfish.json"
		}
	  },
	  "minecraft:bucket_water": {
	    "minecraft:variant": {
		  "value": 6
		},
		"minecraft:loot": {
		  "table": "loot_tables/place_me/b_folder/bucket_water.json"
		}
	  }
	},
	
    "components": {
	  "minecraft:damage_sensor": [
	    {
		  "on_damage": {
		    "filters": {
			  "all_of": [
			    {"test": "has_damage", "value": "fatal"}
			  ]
			},
			"event": "minecraft:event_despawn"
		  }
		}
	  ],
      "minecraft:type_family": {
        "family": [ "inanimate" ]
      },
      "minecraft:push_through": {
        "value": 1
      },
      "minecraft:collision_box": {
        "width": 0.1,
        "height": 0.1
      },
      "minecraft:knockback_resistance": {
        "value": 1.0
      },
      "minecraft:health": {
        "value": 1
	  },
      "minecraft:fall_damage": {
        "value": 0.0
      },
      "minecraft:behavior.float": {
        "priority": 0
      },
	  "minecraft:physics": {}, "minecraft:pushable": { "is_pushable": true, "is_pushable_by_piston": true
	  }
    },
	
	"events": {
	  "minecraft:event_despawn": {
	    "add": {
		  "component_groups": [
		    "minecraft:despawn"
		  ]
		}
	  },
	  "minecraft:entity_transformed": {
	    "sequence": [
	      {
		    "filters": { "test": "is_family", "subject": "other", "value": "bucket" },
		    "add": { "component_groups": [ "minecraft:bucket" ] }
		  },
	      {
		    "filters": { "test": "is_family", "subject": "other", "value": "bucket_milk" },
		    "add": { "component_groups": [ "minecraft:bucket_milk" ] }
		  },
	      {
		    "filters": { "test": "is_family", "subject": "other", "value": "bucket_cod" },
		    "add": { "component_groups": [ "minecraft:bucket_cod" ] }
		  },
	      {
		    "filters": { "test": "is_family", "subject": "other", "value": "bucket_salmon" },
		    "add": { "component_groups": [ "minecraft:bucket_salmon" ] }
		  },
	      {
		    "filters": { "test": "is_family", "subject": "other", "value": "bucket_tropical_fish" },
		    "add": { "component_groups": [ "minecraft:bucket_tropical_fish" ] }
		  },
	      {
		    "filters": { "test": "is_family", "subject": "other", "value": "bucket_pufferfish" },
		    "add": { "component_groups": [ "minecraft:bucket_pufferfish" ] }
		  },
	      {
		    "filters": { "test": "is_family", "subject": "other", "value": "bucket_water" },
		    "add": { "component_groups": [ "minecraft:bucket_water" ] }
		  }
		]
	  }
	}
  }
}