{
  "format_version": "1.8.0",
  "minecraft:entity": {
	"description": {
      "identifier": "raigen:place",
      "is_spawnable": true,
      "is_summonable": true,
      "is_experimental": false
    },
	
	"component_groups": {
	  "minecraft:transform": {
	    "minecraft:transformation": {
		  "into": "raigen:item_ground"
		}
	  }
	},
	
    "components": {
      "minecraft:type_family": {
        "family": [ "inanimate" ]
      },
      "minecraft:push_through": {
        "value": 1
      },
      "minecraft:collision_box": {
        "width": 0.1,
        "height": 0.1
      },
	  "minecraft:timer": {
	    "looping": false,
		"randomInterval": false,
		"time": [ 0.5, 0.5 ],
		"time_down_event": {
		  "event": "minecraft:event_transform"
		}
	  },
      "minecraft:knockback_resistance": {
        "value": 1.0
      },
	  "minecraft:damage_sensor": [
	    {
		  "cause": "attack",
		  "deals_damage": false
		},
	    {
		  "cause": "fire",
		  "deals_damage": false
		},
	    {
		  "cause": "fire_tick",
		  "deals_damage": false
		}
	  ],
      "minecraft:behavior.float": {
        "priority": 0
      },
	  "minecraft:physics": {}, "minecraft:pushable": { "is_pushable": true, "is_pushable_by_piston": true
	  }
    },
	
	"events": {
	  "minecraft:event_transform": {
	    "add": {
		  "component_groups": [
		    "minecraft:transform"
		  ]
		}
	  }
	}
  }
}