{
	"geometry.shield": {
		"texturewidth": 64,
		"textureheight": 64,
		"visible_bounds_width": 2,
		"visible_bounds_height": 2,
		"visible_bounds_offset": [0, 1, 0],
		"bones": [
			{
				"name": "shield",
				"pivot": [1, 15.5, 3],
				"cubes": [
					{"origin": [0, 25, 0], "size": [2, 6, 6], "uv": [26, 0]},
					{"origin": [-6, 21, -1], "size": [14, 14, 1], "uv": [0, 12]},
					{"origin": [-5, 35, -1], "size": [12, 1, 1], "uv": [0, 4]},
					{"origin": [-3, 36, -1], "size": [8, 1, 1], "uv": [0, 2]},
					{"origin": [-5, 20, -1], "size": [12, 1, 1], "uv": [0, 4]},
					{"origin": [-3, 19, -1], "size": [8, 1, 1], "uv": [0, 2]},
					{"origin": [-7, 22, -1], "size": [1, 12, 1], "uv": [31, 12]},
					{"origin": [-8, 24, -1], "size": [1, 8, 1], "uv": [35, 12]},
					{"origin": [9, 24, -1], "size": [1, 8, 1], "uv": [35, 12]},
					{"origin": [8, 22, -1], "size": [1, 12, 1], "uv": [31, 12]},
					{"origin": [-1, 18, -1], "size": [4, 1, 1], "uv": [0, 0]},
					{"origin": [-1, 37, -1], "size": [4, 1, 1], "uv": [0, 0]},
					{"origin": [-9, 26, -1], "size": [1, 4, 1], "uv": [39, 12]},
					{"origin": [10, 26, -1], "size": [1, 4, 1], "uv": [39, 12]}
				]
			}
		]
	}
}