{
  "format_version": "1.8.0",
  "geometry.pigzombie:geometry.humanoid": {
    "visible_bounds_width": 2,
    "visible_bounds_height": 2.5,
    "visible_bounds_offset": [ 0, 1.25, 0 ],
    "texturewidth": 64,
    "textureheight": 32,
    "bones": [
      {
        "name": "body",
        "parent": "waist",
        "pivot": [ 0.0, 24.0, 0.0 ],
        "cubes": [
          {
            "origin": [ -4.0, 12.0, -2.0 ],
            "size": [ 8, 12, 4 ],
            "uv": [ 16, 16 ]
          }
        ]
      },

      {
        "name": "waist",
        "neverRender": true,
        "pivot": [ 0.0, 12.0, 0.0 ]
      },

      {
        "name": "head",
        "parent": "body",
        "pivot": [ 0.0, 24.0, 0.0 ],
        "cubes": [
          {
            "origin": [ -4.0, 24.0, -4.0 ],
            "size": [ 8, 8, 8 ],
            "uv": [ 0, 0 ]
          }
        ]
      },

      {
        "name": "hat",
        "parent": "head",
        "pivot": [ 0.0, 24.0, 0.0 ],
        "cubes": [
          {
            "origin": [ -4.0, 24.0, -4.0 ],
            "size": [ 8, 8, 8 ],
            "uv": [ 32, 0 ],
            "inflate": 0.5
          }
        ],
        "neverRender": false
      },

      {
        "name": "rightArm",
        "parent": "body",
        "pivot": [ -5.0, 22.0, 0.0 ],
        "cubes": [
          {
            "origin": [ -8.0, 12.0, -2.0 ],
            "size": [ 4, 12, 4 ],
            "uv": [ 40, 16 ]
          }
        ]
      },

      {
        "name": "rightItem",
        "pivot": [ -6, 15, 1 ],
        "neverRender": true,
        "parent": "rightArm"
      },

      {
        "name": "leftArm",
        "parent": "body",
        "pivot": [ 5.0, 22.0, 0.0 ],
        "cubes": [
          {
            "origin": [ 4.0, 12.0, -2.0 ],
            "size": [ 4, 12, 4 ],
            "uv": [ 40, 16 ]
          }
        ],
        "mirror": true
      },

      {
        "name": "rightLeg",
        "parent": "body",
        "pivot": [ -1.9, 12.0, 0.0 ],
        "cubes": [
          {
            "origin": [ -3.9, 0.0, -2.0 ],
            "size": [ 4, 12, 4 ],
            "uv": [ 0, 16 ]
          }
        ]
      },

      {
        "name": "leftLeg",
        "parent": "body",
        "pivot": [ 1.9, 12.0, 0.0 ],
        "cubes": [
          {
            "origin": [ -0.1, 0.0, -2.0 ],
            "size": [ 4, 12, 4 ],
            "uv": [ 0, 16 ]
          }
        ],
        "mirror": true
      }
    ]
  }
}