{
    "format_version": "1.10.0",
    "particle_effect": {
        "description": {
            "identifier": "electric:blue",
            "basic_render_parameters": {
                "material": "particles_alpha",
                "texture": "textures/particle/particles"
            }
        },
        "components": {
            "minecraft:emitter_initialization": {
                "creation_expression": "variable.size = 0.08;variable.radius = 0.9;"
            },
            "minecraft:emitter_local_space": {
                "position": true,
                "rotation": true
            },
            "minecraft:emitter_rate_steady": {
                "spawn_rate": 31,
                "max_particles": 60
            },
            "minecraft:emitter_lifetime_looping": {
                "active_time": 1
            },
            "minecraft:emitter_shape_point": {
                "offset": ["variable.radius*math.cos(variable.emitter_age*360)", 0, "variable.radius*-math.sin(variable.emitter_age*360)"]
            },
            "minecraft:particle_lifetime_expression": {
                "max_lifetime": 1
            },
            "minecraft:particle_initial_speed": 0,
            "minecraft:particle_motion_dynamic": {
                "linear_acceleration": [0, -2, 0]
            },
            "minecraft:particle_appearance_billboard": {
                "size": ["variable.size*(1-variable.particle_age)", "variable.size*(1-variable.particle_age)"],
                "facing_camera_mode": "rotate_xyz",
                "uv": {
                    "texture_width": 128,
                    "texture_height": 128,
                    "uv": [0, 48],
                    "uv_size": [8, 8]
                }
            },
            "minecraft:particle_appearance_tinting": {
                "color": [1, 1, 1, 1]
            }
        }
    }
}