{
    "format_version": "1.10.0",
    "animation_controllers": {
        "controller.animation.death": {
            "states": {
                "default": {
                    "transitions": [{
                        "dead": "!query.is_alive"
                    }]
                },
                "dead": {
                    "on_entry": ["/execute @s[x=-31,y=-40,z=969,dx=62,dy=79,dz=62] ~ ~ ~ /summon lightning_bolt ~ 0 ~"],
                    "transitions": [{
                        "default": "query.is_alive"
                    }]
                }
            }
        }
    }
}